No,Source Page Title,Source URL,Target URL,Domain Authority,Page Authority,Spam Score,Anchor Text,First Seen,Last Seen
1,"","https://www.zoominfo.com/p/Abbas-Ali/2487880147","https://www.xddevelopers.com/Xdoor/Portfolio/",77,37,2,"products xdoor developers2020 01 14","2020-01-20","2020-04-27"
2,"Bilal Razzaq Senior Software Engineer at SirizApps Lahore, Pakistan","https://www.mustakbil.com/people/profile/44abf651395f464eae8c8608a17d996f","https://www.xddevelopers.com/Xdoor/Home",58,28,4,"http://www.xddevelopers.com/xdoor/home","2021-10-11","2021-10-11"
3,"Xd Developers Email, Phone Number, Employees, Competitors","https://aeroleads.com/c/xddevelopers","https://xddevelopers.com/",46,30,1,"xddevelopers.com","2024-03-06","2024-03-06"
4,"
	XD Developers Reviews | Rating 3 out of 5.0 stars
","https://sa.trustfeed.com/Jeddah-XDDevelopers-185603202","https://www.xddevelopers.com/",16,21,null,"http://www.xddevelopers.com","2023-02-06","2023-02-06"
5,"","https://okebiz.16mb.com/view/vM5VlBFfNNc/how-to-publish-aspnet-mvc-5-with-sql-dat.html","https://xddevelopers.com/",15,19,73,"xddevelopers.com/","2022-09-24","2022-09-27"
6,"
	XD Developers - Wikifunding
","https://www.wikifunding.com/s-XD-Developers-3534","https://www.xddevelopers.com/",4,5,67,"www.xddevelopers.com","2022-12-18","2024-05-10"
7,"Home -PCSI","https://patientcarestaffinginc.com/","https://www.xddevelopers.com/",1,10,33,"xdoor developers.","2020-10-03","2024-05-15"
8,"","https://sharimhealthcare.com/SHC/Home/Index","https://www.xddevelopers.com/",1,1,38,"xdoor developers.","2019-09-16","2023-11-12"
