No,Keyword,Search Volume,CPC,Paid Difficulty,SEO Difficulty
1,"earbuds","9,900","₨13.85","18","32"
2,"gamingearbuds","320","₨20.78","24","39"
3,"zeroearbuds","0","₨0.00","1","30"
4,"earbuds price in pakistan","6,600","₨24.94","18","34"
5,"earbuds wireless","1,300","₨23.55","26","44"
6,"earbuds bluetooth","880","₨19.40","20","33"
7,"zero health care","880","₨70.66","14","45"
8,"earbuds m10 price in pakistan","720","₨13.85","5","31"
9,"earbuds daraz","590","₨19.40","9","51"
10,"earbuds in pakistan","480","₨27.71","31","34"
11,"zero lifestyle earbuds","480","₨8.31","26","4"
12,"earbuds audionic","390","₨11.08","23","31"
13,"earbuds pakistan","390","₨58.19","37","34"
14,"earbuds samsung","390","₨30.48","10","54"
15,"earbuds price in pakistan daraz","390","₨19.40","4","11"
16,"earbuds meaning in urdu","320","₨0.00","1","43"
17,"earbuds price","320","₨22.17","8","36"
18,"gaming earbuds","320","₨27.71","18","12"
19,"zero beyond wellness","320","₨24.94","2","25"
20,"earbuds for gaming","320","₨13.85","28","57"
21,"earbuds jlab","260","₨12.47","28","55"
22,"earbuds m10","260","₨22.17","6","20"
23,"earbuds jabra","210","₨12.47","12","60"
24,"earbuds pro","140","₨70.66","3","19"
25,"earbuds pro price in pakistan","140","₨72.04","3","6"
26,"earbuds google","110","₨29.09","15","23"
27,"earbuds with power bank","110","₨16.63","4","7"
28,"jabra earbuds price in pakistan","110","₨9.70","18","11"
29,"earbuds battery","90","₨0.00","3","19"
30,"earbuds f9 price in pakistan","90","₨12.47","7","8"
